pdb_id,uniqueID,domain_accession,domain_ownership,domain_contact_perc,assembly_chain_id_ligand,assembly_chain_id_protein,bound_entity_pdb_residues,hetCode
4kcn,4kcn_bm1_C,4kcn:A:4kcnA01,dominant,0.9375,A,A,801,HEM
4kcn,4kcn_bm1_C,4kcn:A:4kcnA03,minor,0.0625,A,A,801,HEM
5g6k,5g6k_bm1_B,5g6k:A:5g6kA01,dominant,0.9333333333333332,A,A,901,HEM
5g6k,5g6k_bm1_B,5g6k:A:5g6kA03,minor,0.0666666666666666,A,A,901,HEM
6ngu,6ngu_bm1_C,6ngu:A:6nguA01,dominant,0.956043956043956,A,A,801,HEM
6ngu,6ngu_bm1_C,6ngu:A:6nguA03,minor,0.0439560439560439,A,A,801,HEM
2y5l,2y5l_bm1_I,2y5l:A:2y5lA01,dominant,0.9444444444444444,A,A,1000,RO8
2y5l,2y5l_bm1_I,2y5l:C:2y5lC01,minor,0.0555555555555555,A,C,1000,RO8
2ag1,2ag1_bm4_H,2ag1:A:2ag1A01,minor,0.0919540229885057,B,A,612,TPP
2ag1,2ag1_bm4_H,2ag1:B:2ag1B03,dominant,0.9080459770114944,B,B,612,TPP
3nlf,3nlf_bm8_J,3nlf:B:3nlfB01,dominant,0.9663865546218487,B,B,500,HEM
3nlf,3nlf_bm8_J,3nlf:B:3nlfB03,minor,0.0336134453781512,B,B,500,HEM
3udm,3udm_bm1_B,3udm:A:3udmA01,dominant,0.9210526315789472,A,A,501,09A
3udm,3udm_bm1_B,3udm:A:3udmA02,minor,0.0789473684210526,A,A,501,09A
3n6e,3n6e_bm1_C,3n6e:A:3n6eA01,dominant,0.935483870967742,A,A,500,HEM
3n6e,3n6e_bm1_C,3n6e:A:3n6eA03,minor,0.064516129032258,A,A,500,HEM
4cww,4cww_bm1_C,4cww:A:4cwwA01,dominant,0.9306930693069309,A,A,500,HEM
4cww,4cww_bm1_C,4cww:A:4cwwA03,minor,0.0693069306930693,A,A,500,HEM
4f8y,4f8y_bm1_E,4f8y:A:4f8yA00,dominant,0.9032258064516128,A,A,201,FAD
4f8y,4f8y_bm1_E,4f8y:B:4f8yB00,minor,0.0967741935483871,A,B,201,FAD
